,Avg10,CV5
LR,0.6224453242835596,0.5558056812468577
RF,0.4348953823953824,0.63
KN,0.3801388888888889,0.5933333333333334
SVM,0.5476190476190477,0.6485714285714286
