,Avg10,CV5
LR,0.6134272590154943,0.606060606060606
RF,0.4412681436210848,0.32575757575757575
KN,0.39176470588235296,0.2409090909090909
SVM,0.4826967150496563,0.32575757575757575
