,Avg10,CV5
LR,0.7972565583516645,0.7990576951783849
RF,0.7438632765489318,0.7383210180623975
KN,0.7319676160159554,0.6793262054037916
SVM,0.7515784400262604,0.7502015226153158
