,Avg10,CV5
LR,0.7525,0.735
RF,0.7,0.7250000000000001
KN,0.7050000000000001,0.725
SVM,0.7374999999999999,0.74
